{
  "config": {
    "name": "Astia",
    "rows": 40, 
    "cols": 40
  },
  "tile_translate": {
    "-1": "air",
    "4": "wall",
    "10": "water",
    "12": "crate",
    "18": "acid",
    "19": "heal",
    "20": "respawn"
  },
  "transparent_tiles":[
    -1,
    10,
    18,
    20
  ],
  "world_data": [
    [4, 4, 4, 4, 4, 4, 4, 4, 4, 4, 4, 4, 4, 4, 4, 4, 4, 4, 4, 4, 4, 4, 4, 4, 4, 4, 4, 4, 4, 4, 4, 4, 4, 4, 4, 4, 4, 4, 4, 4],
    [4,12,-1,-1,-1,-1,-1,-1,-1,-1,-1,-1,-1,-1,-1,-1,-1,-1,-1,-1,-1,-1,-1,-1,-1,-1,-1,-1,-1,-1,-1,-1,-1,-1,-1,-1,-1,-1,19, 4],
    [4,-1,-1,-1,-1,-1,-1,-1,-1,-1,-1,-1,-1,-1,-1,-1,-1,-1,-1,-1,-1,-1,-1,-1,-1,-1,-1,-1,-1,-1,-1,-1,-1,-1,-1,-1,-1,-1,-1, 4],
    [4,10,10,10, 4, 4, 4, 4, 4,-1,-1,-1,-1,-1,-1,-1,-1,-1,-1, 4, 4, 4, 4, 4,-1,-1, 4, 4,-1,-1,-1,-1,-1,-1,20,-1,-1,-1,-1, 4],
    [4,-1,-1,-1,19, 4, 4, 4,-1,-1,-1,-1,-1, 4,-1,-1,-1,-1,-1, 4,-1,-1,-1,-1,-1,-1,-1, 4,12, 4,12, 4, 4, 4, 4, 4, 4,-1,-1, 4],
    [4,-1,-1,-1,-1, 4, 4, 4,12,-1,-1,-1, 4, 4,-1,-1,-1,-1,-1, 4,-1,-1,-1,-1,-1,-1,-1, 4, 4, 4, 4, 4,-1,-1,-1, 4,19,-1,-1, 4],
    [4,-1,-1,-1,-1,12, 4, 4, 4, 4, 4, 4, 4, 4,-1,-1,-1,-1,-1, 4,-1,-1,-1,-1,-1,-1,-1,-1,-1,-1,-1,-1,-1,-1,-1, 4,-1,-1,-1, 4],
    [4,-1,-1,-1,-1,-1, 4, 4, 4, 4, 4, 4, 4, 4,-1,-1,-1,-1,-1, 4,-1,-1,-1,-1,-1,-1,-1,-1,-1,-1,-1,-1,-1,-1,-1, 4,-1,-1,-1, 4],
    [4,-1,-1,-1,-1, 4, 4, 4,-1,-1,-1,-1,-1,-1,-1,-1,-1,-1,-1,-1,-1,-1,-1,-1,-1,-1,-1,-1,-1,-1,-1,-1,-1,-1,-1, 4,-1,-1,-1, 4],
    [4,-1,-1,-1, 4, 4, 4, 4,-1,-1,-1,-1,-1,-1,-1,-1,-1,-1,-1,-1,-1,-1,-1,-1,-1,-1,-1,-1,-1,-1,-1,-1,-1,-1,-1, 4,-1,-1,-1, 4],
    [4,-1,-1,-1,-1,-1,-1,-1,-1,-1,-1,-1,-1,-1,-1,-1,-1,-1,-1,-1,-1,-1,-1,-1,-1,-1,-1,-1,-1,-1,-1,-1,-1,-1,-1, 4,-1,-1,-1, 4],
    [4,-1,-1,-1,-1,-1,-1,-1,-1,-1,-1,-1,-1,-1,-1,-1,-1,-1,-1,-1,-1,-1,-1,-1,-1,-1,-1,-1,-1,-1,-1,-1,-1,-1,-1, 4,-1,-1,-1, 4],
    [4, 4, 4, 4, 4, 4, 4, 4, 4,-1,-1,-1, 4, 4, 4, 4, 4,-1,-1,-1,-1,-1, 4,-1,-1,-1,-1,-1,-1,-1,-1,-1,-1,-1,-1, 4,12,-1,-1, 4],
    [4,-1,-1,-1,-1,-1,12, 4, 4,-1,-1,-1,-1,-1,-1,19, 4,-1,-1,-1,-1,-1, 4,-1,-1,-1,-1,-1,-1,-1,-1,-1,-1,-1,-1, 4, 4,-1,-1, 4],
    [4,-1,-1,-1,-1,-1,-1, 4, 4,-1,-1,-1,-1,-1,-1,-1, 4,-1,-1,-1,-1,-1, 4,-1,-1,-1,-1,-1,-1,-1,-1,-1,-1,-1,-1,-1,-1,-1,-1, 4],
    [4,-1,-1,-1,20,-1,-1, 4, 4,-1,-1,-1,-1,-1,-1,-1, 4,-1,-1,-1,-1,-1, 4,-1,-1,-1,-1,-1,-1,-1,-1,-1,-1,-1,-1,-1,-1,-1,-1, 4],
    [4,-1,-1,-1,-1,-1,-1, 4, 4,-1,-1,-1,-1,-1,-1,-1, 4,-1,-1,-1,-1,-1, 4,-1,-1,-1,-1,-1,-1,-1,-1,-1,-1,-1,-1,-1,-1,-1,-1, 4],
    [4,-1,-1, 4, 4, 4, 4, 4, 4,-1,-1,-1,-1,-1,-1,-1, 4,18,18,18,18,18, 4,-1,-1,-1,-1,-1,-1,-1,-1,-1,-1,-1,-1,-1,-1,-1,-1, 4],
    [4,-1,-1,-1,-1,-1,19, 4, 4,-1,-1,-1,-1,-1,-1,-1, 4,18,18,18,18,18, 4,-1,-1,-1,-1,-1,-1,-1,-1,-1,-1,-1,-1,-1,-1,-1,-1, 4],
    [4,-1,-1,-1,-1,-1,19, 4, 4,-1,-1,-1,-1,-1,-1,-1, 4,18,18,18,18,18, 4, 4, 4,-1,-1,-1,-1, 4, 4, 4, 4, 4, 4, 4, 4,-1,-1, 4],
    [4,-1,-1,-1,-1,-1, 4, 4, 4,-1,-1,-1,-1,-1,-1,-1,-1,-1,-1,-1,-1,-1, 4,12,-1,-1,-1,-1,-1, 4,12,19,12, 4,-1,-1,-1,-1,-1, 4],
    [4,-1,-1,-1,-1, 4, 4, 4,-1,-1,-1,-1,-1,-1,-1,-1,-1,-1,-1,-1,-1,-1, 4,-1,-1,-1,-1,-1,-1, 4,-1,-1,-1, 4,-1,-1,-1,-1,-1, 4],
    [4,-1,-1,-1, 4, 4, 4,-1,-1,-1,-1,-1,-1,-1,-1,-1,-1, 4, 4, 4,-1,-1, 4,-1,-1,-1,-1,-1,-1, 4,-1,-1,-1, 4,-1,-1,-1,-1,-1, 4],
    [4,-1,-1,-1, 4, 4,-1,-1,-1,-1,-1,-1,-1,-1,-1,-1,-1,-1,-1,-1,-1,-1, 4,-1,-1,-1,-1,-1,-1, 4,-1,-1,-1, 4,-1,-1,-1,-1,-1, 4],
    [4,-1,-1,-1,-1,-1,-1,-1,-1,-1,-1,-1,-1,-1,-1,-1,-1,-1,-1,-1,-1,-1, 4,-1,-1,-1,-1,-1,-1, 4,-1,-1,-1, 4,-1,-1,-1,-1,-1, 4],
    [4,-1,-1,-1,-1,-1,-1,-1,-1,-1,-1,-1,-1,-1,-1,-1,-1,-1,-1,-1,-1,-1, 4,-1,-1,-1,-1,-1,-1, 4,-1,-1,-1, 4,-1,-1,-1,-1,-1, 4],
    [4,-1,-1,-1,-1,-1,-1,-1,-1,-1,-1,-1,-1,-1,-1,-1,-1,-1,-1,-1,-1,-1,-1,-1,-1,-1,-1,-1,-1, 4,-1,-1,-1, 4,-1,-1,-1,-1,-1, 4],
    [4,-1,-1,-1,-1,-1,-1,-1,-1,-1,-1,-1,-1,-1,-1,-1,-1,-1,-1,-1,-1,-1,-1,-1,-1,-1,-1,-1,-1, 4,-1,-1,-1, 4,-1,-1,-1,-1,-1, 4],
    [4,-1,-1,-1,-1,-1,-1,-1,-1,-1,-1,-1,-1,-1,-1,-1,-1,-1,-1,-1,-1, 4, 4, 4, 4,-1,-1, 4, 4, 4,-1,-1,-1,-1,-1,-1,-1,-1,-1, 4],
    [4,-1,-1,-1,-1,-1,-1,-1,-1,-1,-1,-1,-1,-1,-1,-1,-1,-1,-1, 4, 4, 4,12,12, 4,-1,-1,12, 4, 4,-1,-1,-1,-1,-1,-1,-1,-1,-1, 4],
    [4,-1,-1,-1,-1,-1,-1,-1,-1,-1,-1,-1,-1,-1,-1,-1,-1, 4, 4, 4,-1,-1,-1,-1, 4,-1,-1, 4, 4, 4, 4, 4, 4,-1,-1, 4, 4,-1,-1, 4],
    [4,-1,-1,-1,-1,-1,-1,-1,-1,-1,-1,-1,-1,-1,-1,-1, 4, 4,-1,-1,-1,-1,-1,-1, 4, 4, 4, 4,-1, 4,-1,-1,-1,-1,-1, 4,-1,-1,-1, 4],
    [4,-1,-1,-1,-1,-1,-1,-1,-1,-1,-1,-1,-1, 4, 4, 4, 4,-1,-1,-1,-1,-1,-1,-1,-1,-1,-1,-1,-1, 4,-1,-1,-1,-1,-1, 4,-1,-1,-1, 4],
    [4, 4, 4, 4, 4, 4, 4, 4,-1,-1,-1,-1,-1,-1,-1,-1, 4,-1,-1,-1,-1,-1,-1,-1,-1,-1,-1,-1,-1, 4,19,-1,-1,-1,-1, 4,-1,-1,-1, 4],
    [4,-1,-1,-1,-1,12, 4, 4,-1,-1,-1,-1,-1,-1,-1,-1, 4, 4, 4, 4, 4, 4, 4, 4, 4, 4, 4,-1,-1, 4, 4, 4, 4, 4, 4, 4,-1,-1,-1, 4],
    [4,-1,-1,-1,-1, 4, 4,-1,-1,-1,-1,-1,-1,-1,-1,-1,-1,-1,-1,-1,-1,-1,-1,-1,-1,-1,-1,-1,-1, 4,-1,-1,-1,-1,-1,-1,-1,-1,-1, 4],
    [4,-1,-1,-1, 4, 4,-1,-1,-1,-1,-1,-1,-1,-1,-1,-1,-1,-1,-1,-1,-1,-1,-1,-1,-1,-1,-1,-1,-1, 4,-1,-1,-1,-1,-1,-1,-1,-1,-1, 4],
    [4,-1,-1,-1,-1,-1,-1,-1,-1,-1,-1,-1,-1,-1,-1,-1,-1,-1,-1,-1,-1,-1,-1,-1,-1,-1,-1,-1,-1,-1,-1,-1,-1,-1,-1,-1,-1,-1,-1, 4],
    [4,-1,-1,-1,-1,-1,-1,-1,-1,-1,-1,-1,-1,-1,-1,-1,-1,-1,-1,-1,-1,-1,-1,-1,-1,-1,-1,-1,-1,-1,-1,-1,-1,-1,-1,-1,-1,-1,-1, 4],
    [4, 4, 4, 4, 4, 4, 4, 4, 4, 4, 4, 4, 4, 4, 4, 4, 4, 4, 4, 4, 4, 4, 4, 4, 4, 4, 4, 4, 4, 4, 4, 4, 4, 4, 4, 4, 4, 4, 4, 4]
  ]
}