{
  "config": {
    "name": "Euphoria",
    "rows": 30,
    "cols": 45
  },
  "tile_translate": {
    "-1": "air",
    "4": "wall",
    "9": "water",
    "10": "water_2",
    "12": "crate",
    "18": "acid",
    "20": "respawn"
  },
  "transparent_tiles":[
    -1,
    9,
    10,
    18,
    20
  ],
  "world_data": [
    [4, 4, 4, 4, 4, 4, 4, 4, 4, 4, 4, 4, 4, 4, 4, 4, 4, 4, 4, 4, 4, 4, 4, 4, 4, 4, 4, 4, 4, 4, 4, 4, 4, 4, 4, 4, 4, 4, 4, 4, 4, 4, 4, 4, 4],
    [4,-1,-1,-1,-1,-1,-1,-1,-1,-1,-1,-1,-1,-1,-1,-1,-1,-1,-1,-1,-1,-1,-1,-1,-1,-1,-1,-1,-1,-1,-1,-1,-1,-1,-1,-1,-1,-1,-1,-1,-1,-1,-1,-1, 4],
    [4,-1,-1,-1,-1,-1,-1,-1,-1,-1,-1,-1,-1,-1,-1,-1,-1,-1,-1,-1,-1,-1,-1,-1,-1,-1,-1,-1,-1,-1,-1,-1,-1,-1,-1,-1,-1,-1,-1,-1,-1,-1,-1,-1, 4],
    [4,12,-1,20,-1,-1,-1,-1,-1,-1,-1,-1,-1,-1,-1,-1,-1,-1,-1,-1,-1,-1,-1,-1,-1,-1,-1,-1,-1,-1,-1,-1,-1,-1,-1,-1,-1,-1,-1,-1,-1,-1,-1,-1, 4],
    [4, 4, 4, 4,-1,-1,-1,-1, 4, 4, 4,-1,-1,-1,-1,-1,-1,-1,-1,-1,-1,-1,-1,-1,-1,-1,-1,-1,-1,-1,-1,-1,-1,-1,-1,-1,-1, 4,-1,-1,-1,-1,-1,-1, 4],
    [4,-1,-1,-1,-1,-1,-1, 4, 4,-1,-1,-1,-1,-1,-1,-1,-1,-1,-1,-1,-1,-1,-1,-1,-1,-1,-1,-1,-1,-1,-1,-1,-1,-1,-1,-1,-1, 4,-1,-1,-1,-1,-1,-1, 4],
    [4, 9, 9, 9, 9, 9, 4, 4,-1,-1,-1,-1,-1,-1,-1,-1,-1,-1,12,-1,-1,-1,-1,-1,-1,-1,-1,-1,-1,-1,-1,-1,-1,-1,-1,-1,-1, 4,20,-1,-1,-1,-1,-1, 4],
    [4,10,10,10,10, 4, 4,-1,-1,-1,-1,-1,-1, 4, 4, 4, 4, 4, 4, 4,-1,-1,-1,-1, 4, 4, 4, 4, 4, 4, 4,-1,-1,-1, 4, 4, 4, 4, 4, 4, 4,-1,-1,-1, 4],
    [4,10,10,10, 4, 4,-1,-1,-1,-1,-1,-1,12, 4,-1,-1,12,-1,-1,-1,-1,-1,-1,-1,-1,-1,-1,-1,-1,-1,-1,-1,-1,-1,-1,-1,-1, 4,-1,-1,-1,-1,-1,-1, 4],
    [4,10,10, 4, 4,-1,-1,-1,-1,-1,-1,-1, 4, 4,-1,-1,-1,-1,-1,-1,-1,-1,-1,-1,-1,-1,-1,-1,-1,-1,-1,-1,-1,-1,-1,-1,-1, 4,-1,-1,-1,-1,-1,-1, 4],
    [4,10, 4, 4,-1,-1,-1,-1,-1,-1,-1, 4, 4,-1,-1,-1,-1,-1,-1,-1,-1,-1,-1,-1,-1,-1,-1,-1,-1,-1,-1,-1,-1,-1,-1,-1,-1, 4,-1,-1,-1,-1,-1,-1, 4],
    [4, 4, 4,-1,-1,-1,-1,-1,-1,-1, 4, 4,-1,-1,-1,-1,-1,-1,-1,-1,-1, 4, 4,-1,-1,-1,-1,-1,-1,-1,-1,-1,-1,-1,-1,-1,20, 4,-1,12,12,-1,-1,-1, 4],
    [4,-1,12,-1,-1,-1,-1,-1,20, 4, 4,-1,-1,-1,-1,-1,-1,-1,-1,-1,-1,-1, 4, 4,-1,-1,-1,-1,-1,-1,-1,-1, 4, 4, 4, 4, 4, 4, 4, 4, 4,-1,-1,-1, 4],
    [4,-1,-1,-1,-1,-1,-1, 4, 4, 4,-1,-1,-1,-1,-1,-1,-1,-1,-1,-1,-1,-1,-1, 4, 4,-1,-1,-1,-1,-1,-1, 4, 4, 4,12,-1,-1,-1,-1,-1,-1,-1,-1,-1, 4],
    [4,-1,-1,-1,-1,-1,-1,-1,-1,-1,-1,-1,-1,-1,-1,-1,-1,-1,-1,-1,-1,-1,-1,-1, 4, 4,-1,-1,12,12, 4, 4, 4,12,-1,-1,-1,-1,-1,-1,-1,-1,-1,-1, 4],
    [4,-1,-1,-1,-1,-1,-1,-1,-1,-1,-1,-1,-1,-1,-1, 4, 4, 4,-1,-1,-1,-1,-1,-1,-1, 4, 4, 4, 4, 4, 4, 4, 4,-1,-1,-1,-1,-1,-1,-1,-1,-1,-1,-1, 4],
    [4,-1,-1,-1,-1,-1,-1,-1,-1,-1,-1,-1,-1, 4, 4, 4,-1,-1,-1,-1,-1,-1,-1,-1,-1,-1,-1,-1,-1,-1,-1,-1, 4,-1,-1,-1,-1, 4, 4, 4, 4, 4, 4, 4, 4],
    [4,-1,-1,-1,-1,-1,-1,-1,-1,-1,-1,-1,-1, 4, 4,-1,-1,-1,-1,-1,-1,-1,-1,-1,-1,-1,-1,-1,-1,-1,-1,-1, 4,-1,-1,-1,-1,-1,-1,-1,-1,-1,-1,-1, 4],
    [4, 4,-1,-1,-1,-1,-1,-1,-1,-1,-1,-1,12, 4,-1,-1,-1,-1,-1,-1,-1,-1,-1,-1,-1,-1,-1,-1,-1,-1,-1,-1, 4,-1,-1,-1,-1,-1,-1,-1,-1,-1,-1,-1, 4],
    [4, 4,-1,-1,-1,-1,-1,-1,-1,20,-1,-1, 4, 4,-1,-1,-1,-1,-1,-1,-1,12,-1,20,-1,-1,-1,-1,-1,-1,-1,-1, 4, 4,20,-1,-1,-1,-1,-1,-1,-1,-1,-1, 4],
    [4, 4,-1,-1,-1,-1,-1, 4, 4, 4, 4, 4, 4,-1,-1,-1,-1,-1, 4, 4, 4, 4, 4, 4, 4, 4, 4, 4,-1,-1,-1,-1, 4, 4, 4,-1,-1,-1,-1,-1,-1,-1,-1,-1, 4],
    [4, 4, 4,-1,-1,-1,-1,-1,-1,-1,-1,-1,-1,-1,-1,-1,-1,-1,-1,-1,-1,-1,-1,-1,-1,-1,-1,-1,-1,-1,-1,-1, 4, 4, 4, 4,18,18,18, 4,-1,-1,-1,-1, 4],
    [4, 4, 4,-1,-1,-1,-1,-1,-1,-1,-1,-1,-1,-1,-1,-1,-1,-1,-1,-1,-1,-1,-1,-1,-1,-1,-1,-1,-1,-1,-1,-1, 4, 4, 4, 4, 4, 4, 4, 4,-1,-1,-1,-1, 4],
    [4, 4, 4, 4,-1,-1,-1,-1,-1,-1,-1,-1,-1,-1,-1,-1,-1,-1,-1,-1,-1,-1,-1,-1,-1,-1,-1,-1,-1,-1,-1,12, 4,-1,-1,-1,-1,-1,-1,-1,-1,-1,-1,-1, 4],
    [4, 4, 4, 4,-1,-1,-1,-1,-1,-1,-1, 4, 4, 4, 4, 4, 4, 4, 4, 4,-1,-1,-1,-1,-1,-1,-1, 4, 4, 4, 4, 4, 4,-1,-1,-1,-1,-1,-1,-1,-1,-1,-1,-1, 4],
    [4, 4, 4, 4, 4,-1,-1,-1,-1,-1,-1,-1,-1,-1,-1,-1,-1,-1,-1,-1,-1,-1,-1,-1,-1,-1,-1,-1,12,-1,-1,-1,-1,-1,-1,-1,-1,-1,-1,-1,-1,-1,-1,-1, 4],
    [4, 4, 4, 4, 4, 4, 4,-1,-1,-1,-1,-1,-1,-1,-1,-1,-1,-1,-1,-1,-1,-1,-1,-1,-1,-1,-1,-1,-1,-1,-1,-1,-1,-1,-1,-1,-1,-1,-1,-1,-1,20,-1,-1, 4],
    [4, 4, 4, 4, 4, 4, 4, 4,-1,-1,-1,-1,-1,-1,-1,-1,-1,-1,-1,-1,-1,-1,-1,-1,-1,-1,-1,-1,-1,-1,-1,-1,-1,-1,-1,-1,-1,-1,-1,-1, 4, 4,-1,-1, 4],
    [4, 4, 4, 4, 4, 4, 4, 4, 4,12,12,-1,-1,-1,-1,-1,-1,20,-1,-1,-1,-1,-1,-1,-1,-1,-1,-1,-1,-1,-1,-1,-1,-1,12,12, 4,18,18,18,18,18,18,18, 4],
    [4, 4, 4, 4, 4, 4, 4, 4, 4, 4, 4, 4, 4, 4, 4, 4, 4, 4, 4, 4, 4, 4, 4, 4, 4, 4, 4, 4, 4, 4, 4, 4, 4, 4, 4, 4, 4, 4, 4, 4, 4, 4, 4, 4, 4]
  ]
}