{
  "config": {
    "name": "Pandora",
    "rows": 30,
    "cols": 40
  },
  "tile_translate": {
    "-1": "air",
    "4": "wall",
    "12": "crate",
    "9": "water",
    "20": "respawn"
  },
  "transparent_tiles":[
    -1,
    9,
    20
  ],
  "world_data":[
    [4, 4, 4, 4, 4, 4, 4, 4, 4, 4, 4, 4, 4, 4, 4, 4, 4, 4, 4, 4, 4, 4, 4, 4, 4, 4, 4, 4, 4, 4, 4, 4, 4, 4, 4, 4, 4, 4, 4, 4],
    [4,-1,-1,-1,-1,-1,-1,-1,-1,-1,-1,-1,-1,-1,-1,-1, 4,-1,-1,-1,-1,-1, 4,-1,-1,-1,-1,-1,-1,-1,-1,-1,-1,-1,-1,-1,-1,-1,-1, 4],
    [4,-1,-1,-1,-1,-1,-1,-1,-1,-1,-1,-1,-1,-1,-1,-1, 4,-1,-1,-1,-1,-1, 4,-1,-1,-1,-1,-1,-1,-1,-1,-1,-1,-1,-1,-1,-1,-1,-1, 4],
    [4,-1,-1,-1,-1,-1,-1,-1,-1,-1,-1,-1,-1,-1,-1,-1, 4,12,20,-1,-1,-1, 4,-1,-1,-1,-1,-1,-1,-1,-1,-1,-1,-1,-1,-1,-1,-1,-1, 4],
    [4,12,20,-1,-1,-1,-1,-1,-1,-1,-1,-1,-1,-1, 4, 4, 4, 4, 4,-1,-1,-1, 4,-1,-1,-1,-1,-1,-1,-1,-1,-1,-1,-1,-1,20,-1,12,12, 4],
    [4, 4, 4, 4, 4, 4, 4, 4,-1,-1,-1,-1,-1,-1,-1,-1,-1,-1,-1,-1,-1,-1,-1,-1,-1,-1,-1,-1,-1,-1,-1,-1, 4, 4, 4, 4, 4, 4, 4, 4],
    [4,-1,-1,-1,-1,-1,-1,-1,-1,-1,-1,-1,-1,-1,-1,-1,-1,-1,-1,-1,-1,-1,-1,-1,-1,-1,-1,-1,-1,-1,-1,-1,-1,-1,-1,-1,-1,-1,-1, 4],
    [4,-1,-1,-1,-1,-1,-1,-1,-1,-1,-1,-1,-1,-1,-1,-1,-1,-1,-1,-1,-1,-1,-1,-1,-1,-1,-1,-1,-1,-1,-1,-1,-1,-1,-1,-1,-1,-1,-1, 4],
    [4,-1,-1,-1,-1,-1,-1,-1,-1,-1,-1,-1,-1, 4, 4, 4, 4, 4, 4, 4, 4, 4, 4, 4, 4, 4, 4,-1,-1,-1,-1,-1,-1,-1,-1,-1,-1,-1,-1, 4],
    [4,-1,-1,-1,-1,-1,-1,-1,-1,-1,-1,-1,-1,-1,-1,-1,-1,-1,-1, 4, 4,-1,-1,-1,-1,-1,-1,-1,-1,-1,-1,-1,-1,-1,-1,-1,-1,-1,-1, 4],
    [4,-1,-1,-1,-1,-1,-1,-1,-1,-1,-1,-1,-1,-1,-1,-1,-1,-1,-1, 4, 4,-1,-1,-1,-1,-1,-1,-1,-1,-1,-1,-1,-1,-1,-1,-1,-1,-1,-1, 4],
    [4, 4, 4, 4, 4, 4, 4,-1,-1,-1,-1,-1,-1,-1,-1,-1,-1,-1,-1, 4, 4,-1,-1,-1,-1,-1,-1,-1,-1,-1,-1,-1, 4, 4, 4, 4, 4, 4, 4, 4],
    [4,-1,-1,-1,-1,-1, 4,-1,-1,-1,-1, 4, 4, 4, 4, 4,-1,-1,-1, 4, 4,-1,-1,-1, 4, 4, 4, 4,-1,-1,-1,-1, 4,-1,-1,-1,-1,-1,-1, 4],
    [4,-1,-1,-1,-1,-1, 4,-1,-1,-1,-1,-1,-1,-1,-1, 4,-1,20,12, 4, 4,-1,20,12, 4,-1,-1,-1,-1,-1,-1,-1, 4,-1,-1,-1,-1,-1,-1, 4],
    [4,-1,-1,-1,-1,-1, 4,-1,-1,-1,-1,-1,-1,-1,-1, 4, 4, 4, 4, 4, 4, 4, 4, 4, 4,-1,-1,-1,-1,-1,-1,-1, 4,-1,-1,-1,-1,-1,-1, 4],
    [4,-1,-1,-1,-1,-1, 4, 4, 4,-1,-1,-1,-1,-1,-1,-1,-1,-1,-1,-1,-1,-1,-1,-1,-1,-1,-1,-1,-1,-1, 4, 4, 4,-1,-1,-1,-1,-1,-1, 4],
    [4,-1,-1,-1,-1,-1,-1, 4,-1,-1,-1,-1,-1,-1,-1,-1,-1,-1,-1,-1,-1,-1,-1,-1,-1,-1,-1,-1,-1,-1,-1,-1, 4,-1,-1,-1,-1,-1,-1, 4],
    [4,-1,-1,-1,-1,-1,-1, 4,-1,-1,-1,-1,-1,-1,-1,-1,-1,-1,-1,-1,-1,-1,-1,-1,-1,-1,-1,-1,-1,-1,-1,-1, 4,-1,-1,-1,-1,-1,-1, 4],
    [4,-1,-1,-1,-1,-1,-1, 4,12,-1,-1,-1,-1,-1,-1,-1,-1,-1,-1,20,-1,-1,-1,-1,-1,-1,-1,-1,-1,-1,-1,12, 4,12,20,-1,-1,-1,-1, 4],
    [4,-1,-1,-1, 4, 4, 4, 4, 4, 4, 4, 4, 4,-1,-1,-1,-1,-1,-1, 4, 4,-1,-1,-1,-1,-1,-1, 4, 4, 4, 4, 4, 4, 4, 4, 4,-1,-1,-1, 4],
    [4,-1,-1,-1,-1,-1,-1,-1,-1,-1,-1,-1,-1,-1,-1,-1,-1,-1, 4, 4, 4, 4,-1,-1,-1,-1,-1,-1,-1,-1,-1,-1,-1,-1,-1,-1,-1,-1,-1, 4],
    [4,-1,-1,-1,-1,-1,-1,-1,-1,-1,-1,-1,-1,-1,-1,-1,-1, 4, 4, 4, 4, 4, 4,-1,-1,-1,-1,-1,-1,-1,-1,-1,-1,-1,-1,-1,-1,-1,12, 4],
    [4,20,-1,-1,-1,-1,-1,-1,-1,-1,-1,-1,-1,-1,-1,-1, 4, 4, 4, 4, 4, 4, 4, 4,-1,-1,-1,-1,-1,-1,-1,-1,-1,-1,-1,-1,-1,-1,12, 4],
    [4, 4, 4, 4, 4, 4, 4,-1,-1,-1,-1,-1,-1,-1,-1, 4, 4, 4, 4, 4, 4, 4, 4, 4, 4,-1,-1,-1,-1,-1,-1,-1,-1, 4, 4, 4, 4, 4, 4, 4],
    [4,-1,-1,-1,-1,-1,-1,-1,-1,-1,-1,-1,-1,-1,-1,-1,-1,-1,-1,-1,-1,-1,-1,-1,-1,-1,-1,-1,-1,-1,-1,-1,-1,-1,-1,-1,-1,-1,-1, 4],
    [4,-1,-1,-1,-1,-1,-1,-1,-1,-1,-1,-1,-1,-1,-1,-1,-1,-1,-1,-1,-1,-1,-1,-1,-1,-1,-1,-1,-1,-1,-1,-1,-1,-1,-1,-1,-1,-1,-1, 4],
    [4,12,-1,-1,-1,-1,-1,-1,-1,-1,-1,-1,-1,-1,-1,-1,-1,-1,12,12,-1,-1,-1,20,-1,-1,-1,-1,-1,-1,-1,-1,-1,-1,-1,-1,-1,-1,-1, 4],
    [4,12,-1,-1,-1,-1,-1,-1,-1,-1,-1,-1,-1, 4, 4, 4, 4, 4, 4, 4, 4, 4, 4, 4, 4, 4, 4,-1,-1,-1,-1,-1,-1,-1,-1,-1,-1,-1,-1, 4],
    [4, 9, 9, 9, 9, 9, 9, 9, 9, 9, 9, 9, 4, 4, 4, 4, 4, 4, 4, 4, 4, 4, 4, 4, 4, 4, 4, 4, 9, 9, 9, 9, 9, 9, 9, 9, 9, 9, 9, 4],
    [4, 4, 4, 4, 4, 4, 4, 4, 4, 4, 4, 4, 4, 4, 4, 4, 4, 4, 4, 4, 4, 4, 4, 4, 4, 4, 4, 4, 4, 4, 4, 4, 4, 4, 4, 4, 4, 4, 4, 4]
  ]

}