{
  "config": {
    "name": "new",
    "rows": 10,
    "cols": 10
  },
  "tile_translate": {
  },
  "transparent_tiles":[
    -1,
    9,
    20
  ],
  "world_data":[
    [4, 4, 4, 4, 4, 4, 4, 4, 4, 4],
    [4,-1,-1,-1,-1,-1,-1,-1,-1, 4],
    [4,-1,-1,-1,-1,-1,-1,-1,-1, 4],
    [4,-1,-1,-1,-1,-1,-1,-1,-1, 4],
    [4,-1,-1,-1,-1,-1,-1,-1,-1, 4],
    [4,-1,-1,-1,-1,-1,-1,-1,-1, 4],
    [4,-1,-1,-1,-1,-1,-1,-1,-1, 4],
    [4,-1,-1,-1,-1,-1,-1,-1,-1, 4],
    [4,-1,-1,-1,-1,-1,-1,-1,-1, 4],
    [4, 4, 4, 4, 4, 4, 4, 4, 4, 4]
  ]

}